dataset,horizon,n_folds,MASE_TabPFN_degraded,MASE_TabPFN_NoWeather,mean_diff,statistic,p_value,p_adjusted,significant,favors
london,6,980,0.5595,0.5139,0.0455,193900.0,1.602937499860178e-07,0.0,True,TabPFN_NoWeather
london,24,245,0.6957,0.7083,-0.0126,15057.0,0.9924553835250958,1.0,False,TabPFN_degraded
london,48,122,0.7323,0.7598,-0.0275,3742.0,0.9806352840114588,1.0,False,TabPFN_degraded
london,168,35,0.7075,0.7795,-0.072,203.0,0.06740146887023002,0.5392,False,TabPFN_degraded
seoul,6,980,0.8248,0.6476,0.1772,146824.0,4.9808981463644664e-26,0.0,True,TabPFN_NoWeather
seoul,24,245,0.9704,0.9563,0.0142,12944.0,0.05583178834691094,0.5025,False,TabPFN_NoWeather
seoul,48,122,1.0795,1.1028,-0.0233,3506.0,0.5304944886201062,1.0,False,TabPFN_degraded
seoul,168,35,1.1766,1.1044,0.0722,292.0,0.7158310085069388,1.0,False,TabPFN_NoWeather
washington,6,980,0.5782,0.5242,0.0541,181352.0,2.8119112790344796e-11,0.0,True,TabPFN_NoWeather
washington,24,245,0.6932,0.6951,-0.0019,13330.0,0.11764649891449568,0.8235,False,TabPFN_degraded
washington,48,122,0.7466,0.7529,-0.0062,3669.0,0.8330533947691172,1.0,False,TabPFN_degraded
washington,168,35,0.7295,0.7092,0.0203,249.0,0.28721763065550476,1.0,False,TabPFN_NoWeather
