family,dataset,horizon,n_folds,MASE_TabPFN,MASE_TabPFN_NoWeather,mean_diff,statistic,p_value,p_adjusted,significant,MASE_XGBoost,MASE_TabPFN_clean,MASE_TabPFN_degraded,MASE_XGBoost_clean,MASE_XGBoost_degraded
a_tabpfn_vs_nw_clean,london,6,980,0.4702,0.5139,-0.0437,197821.0,1.603183387510873e-06,0.0,True,,,,,
a_tabpfn_vs_nw_clean,london,24,245,0.6104,0.7083,-0.0979,9025.0,5.278807863509308e-08,0.0,True,,,,,
a_tabpfn_vs_nw_clean,london,48,122,0.6366,0.7598,-0.1232,2192.0,6.761803223534829e-05,0.0002,True,,,,,
a_tabpfn_vs_nw_clean,london,168,35,0.5932,0.7795,-0.1863,56.0,3.6471174098551273e-06,0.0,True,,,,,
a_tabpfn_vs_nw_clean,seoul,6,980,0.5328,0.6476,-0.1148,163750.0,5.518509475372136e-18,0.0,True,,,,,
a_tabpfn_vs_nw_clean,seoul,24,245,0.6946,0.9563,-0.2617,5095.0,2.686384282002227e-19,0.0,True,,,,,
a_tabpfn_vs_nw_clean,seoul,48,122,0.7717,1.1028,-0.3311,626.0,1.397975451969144e-15,0.0,True,,,,,
a_tabpfn_vs_nw_clean,seoul,168,35,0.8129,1.1044,-0.2915,35.0,2.508750185370445e-07,0.0,True,,,,,
a_tabpfn_vs_nw_clean,washington,6,980,0.4812,0.5242,-0.043,201432.0,1.1309023615913375e-05,0.0,True,,,,,
a_tabpfn_vs_nw_clean,washington,24,245,0.6011,0.6951,-0.0939,9706.0,1.3765479396786587e-06,0.0,True,,,,,
a_tabpfn_vs_nw_clean,washington,48,122,0.6577,0.7529,-0.0951,2218.0,8.925511951537981e-05,0.0002,True,,,,,
a_tabpfn_vs_nw_clean,washington,168,35,0.5994,0.7092,-0.1098,98.0,0.00019208568846806884,0.0002,True,,,,,
b_tabpfn_vs_xgb_clean,london,6,980,0.4702,,-0.0767,174988.0,1.654090236948249e-13,0.0,True,0.5469,,,,
b_tabpfn_vs_xgb_clean,london,24,245,0.6104,,-0.0183,12473.0,0.019464590217811807,0.0584,False,0.6286,,,,
b_tabpfn_vs_xgb_clean,london,48,122,0.6366,,-0.0213,3362.0,0.31965326218199486,0.3197,False,0.6578,,,,
b_tabpfn_vs_xgb_clean,london,168,35,0.5932,,-0.086,138.0,0.0030071966466493905,0.012,True,0.6792,,,,
b_tabpfn_vs_xgb_clean,seoul,6,980,0.5328,,-0.1306,155570.0,1.1215116229658947e-21,0.0,True,0.6634,,,,
b_tabpfn_vs_xgb_clean,seoul,24,245,0.6946,,-0.1507,9163.0,1.052741325464393e-07,0.0,True,0.8452,,,,
b_tabpfn_vs_xgb_clean,seoul,48,122,0.7717,,-0.1674,1932.0,3.3384914136297986e-06,0.0,True,0.9391,,,,
b_tabpfn_vs_xgb_clean,seoul,168,35,0.8129,,-0.2311,67.0,1.188291935250163e-05,0.0001,True,1.0441,,,,
b_tabpfn_vs_xgb_clean,washington,6,980,0.4812,,-0.0079,211316.0,0.0010554905300011032,0.0063,True,0.4891,,,,
b_tabpfn_vs_xgb_clean,washington,24,245,0.6011,,-0.0615,11484.0,0.001250216639535524,0.0063,True,0.6626,,,,
b_tabpfn_vs_xgb_clean,washington,48,122,0.6577,,-0.0621,2914.0,0.03237024004052198,0.0647,False,0.7198,,,,
b_tabpfn_vs_xgb_clean,washington,168,35,0.5994,,-0.1329,114.0,0.0006348491297103465,0.0044,True,0.7323,,,,
c_tabpfn_vs_xgb_degraded,london,6,980,0.5595,,-0.01,231980.0,0.3452660239531078,1.0,False,0.5695,,,,
c_tabpfn_vs_xgb_degraded,london,24,245,0.6957,,0.0426,13602.0,0.18690994335686362,1.0,False,0.6531,,,,
c_tabpfn_vs_xgb_degraded,london,48,122,0.7323,,0.0512,3031.0,0.06564000741786304,0.5251,False,0.681,,,,
c_tabpfn_vs_xgb_degraded,london,168,35,0.7075,,-0.0097,302.0,0.8397882779827341,1.0,False,0.7172,,,,
c_tabpfn_vs_xgb_degraded,seoul,6,980,0.8248,,0.116,186864.0,1.5976446509860352e-09,0.0,True,0.7089,,,,
c_tabpfn_vs_xgb_degraded,seoul,24,245,0.9704,,0.0606,12435.0,0.017752846760600814,0.1775,False,0.9099,,,,
c_tabpfn_vs_xgb_degraded,seoul,48,122,1.0795,,0.0748,2943.0,0.038855519998044256,0.3497,False,1.0048,,,,
c_tabpfn_vs_xgb_degraded,seoul,168,35,1.1766,,0.0433,216.0,0.10729203431401402,0.751,False,1.1333,,,,
c_tabpfn_vs_xgb_degraded,washington,6,980,0.5782,,0.0498,209047.0,0.0004135065054032213,0.0045,True,0.5285,,,,
c_tabpfn_vs_xgb_degraded,washington,24,245,0.6932,,-0.0061,14556.0,0.6450582255964205,1.0,False,0.6994,,,,
c_tabpfn_vs_xgb_degraded,washington,48,122,0.7466,,-0.0111,3562.0,0.6282640821884033,1.0,False,0.7577,,,,
c_tabpfn_vs_xgb_degraded,washington,168,35,0.7295,,-0.0592,233.0,0.18425037822453305,1.0,False,0.7887,,,,
d_tabpfn_clean_vs_degraded,london,6,980,,,-0.0893,122523.0,2.518324398467632e-40,0.0,True,,0.4702,0.5595,,
d_tabpfn_clean_vs_degraded,london,24,245,,,-0.0853,4404.0,7.753213532928492e-22,0.0,True,,0.6104,0.6957,,
d_tabpfn_clean_vs_degraded,london,48,122,,,-0.0957,987.0,1.6261226057576074e-12,0.0,True,,0.6366,0.7323,,
d_tabpfn_clean_vs_degraded,london,168,35,,,-0.1143,33.0,1.8702121451497078e-07,0.0,True,,0.5932,0.7075,,
d_tabpfn_clean_vs_degraded,seoul,6,980,,,-0.292,68190.0,4.836081833354473e-84,0.0,True,,0.5328,0.8248,,
d_tabpfn_clean_vs_degraded,seoul,24,245,,,-0.2759,3246.0,1.8199990301998042e-26,0.0,True,,0.6946,0.9704,,
d_tabpfn_clean_vs_degraded,seoul,48,122,,,-0.3078,392.0,9.20239025169816e-18,0.0,True,,0.7717,1.0795,,
d_tabpfn_clean_vs_degraded,seoul,168,35,,,-0.3637,2.0,1.7462298274040222e-10,0.0,True,,0.8129,1.1766,,
d_tabpfn_clean_vs_degraded,washington,6,980,,,-0.097,122548.0,2.6150870349136956e-40,0.0,True,,0.4812,0.5782,,
d_tabpfn_clean_vs_degraded,washington,24,245,,,-0.0921,5443.0,4.418195853294589e-18,0.0,True,,0.6011,0.6932,,
d_tabpfn_clean_vs_degraded,washington,48,122,,,-0.0889,1265.0,2.111614247979229e-10,0.0,True,,0.6577,0.7466,,
d_tabpfn_clean_vs_degraded,washington,168,35,,,-0.1301,10.0,2.5029294192790985e-09,0.0,True,,0.5994,0.7295,,
e_xgb_clean_vs_degraded,london,6,980,,,-0.0225,167597.0,2.247973147086593e-16,0.0,True,,,,0.5469,0.5695
e_xgb_clean_vs_degraded,london,24,245,,,-0.0244,9298.0,2.0384090968450614e-07,0.0,True,,,,0.6286,0.6531
e_xgb_clean_vs_degraded,london,48,122,,,-0.0232,1965.0,5.006882895009484e-06,0.0,True,,,,0.6578,0.681
e_xgb_clean_vs_degraded,london,168,35,,,-0.038,109.0,0.00044349912786856294,0.0018,True,,,,0.6792,0.7172
e_xgb_clean_vs_degraded,seoul,6,980,,,-0.0454,172508.0,1.9489019216688744e-14,0.0,True,,,,0.6634,0.7089
e_xgb_clean_vs_degraded,seoul,24,245,,,-0.0646,8780.0,1.493641995602677e-08,0.0,True,,,,0.8452,0.9099
e_xgb_clean_vs_degraded,seoul,48,122,,,-0.0656,2107.0,2.6493000453237276e-05,0.0001,True,,,,0.9391,1.0048
e_xgb_clean_vs_degraded,seoul,168,35,,,-0.0893,116.0,0.0007301834993995726,0.0022,True,,,,1.0441,1.1333
e_xgb_clean_vs_degraded,washington,6,980,,,-0.0394,172991.0,2.973713240008035e-14,0.0,True,,,,0.4891,0.5285
e_xgb_clean_vs_degraded,washington,24,245,,,-0.0367,10213.0,1.2323491293624822e-05,0.0001,True,,,,0.6626,0.6994
e_xgb_clean_vs_degraded,washington,48,122,,,-0.0379,2458.0,0.0009501489079429253,0.0022,True,,,,0.7198,0.7577
e_xgb_clean_vs_degraded,washington,168,35,,,-0.0564,139.0,0.0031909775570966303,0.0032,True,,,,0.7323,0.7887
