MAE,RMSE,MASE,sMAPE,dataset,run_name,version,timestamp,fold,model,horizon,weather_scenario,model_uses_covariates,degradation_seed,num_weather_vars,test_imputed,train_imputed
83.83333333333333,86.73042526510905,0.5003343531103198,11.30666826795248,seoul,seoul_t5-01,t5-01,2026-03-13T20:34:27.780676,0,Seasonal_Naive,6,clean_only,False,42,0,0,8
67.83333333333333,92.30294325390352,0.4372432720345944,6.940239638306607,seoul,seoul_t5-01,t5-01,2026-03-13T20:34:27.780875,1,Seasonal_Naive,6,clean_only,False,42,0,0,2
131.18550250904323,169.26559089280968,0.7829417121508674,16.662927725551047,seoul,seoul_t5-01,t5-01,2026-03-13T20:34:29.461164,0,ARIMA,6,clean_only,False,42,0,0,8
139.49232978621703,180.16093291807056,0.899146182301537,15.374506254018115,seoul,seoul_t5-01,t5-01,2026-03-13T20:34:29.589360,1,ARIMA,6,clean_only,False,42,0,0,2
96.74288651693011,112.73327730716714,0.5773811873972959,14.066744372358214,seoul,seoul_t5-01,t5-01,2026-03-13T20:34:52.614079,0,SARIMAX,6,clean_only,True,42,8,0,8
161.23078188506182,164.62859724030355,1.0392689133776971,18.439850287216085,seoul,seoul_t5-01,t5-01,2026-03-13T20:35:14.932868,1,SARIMAX,6,clean_only,True,42,8,0,2
241.90241495768228,266.4604020174113,1.4437227233042875,34.188092670707135,seoul,seoul_t5-01,t5-01,2026-03-13T20:36:41.404146,0,XGBoost,6,clean_only,True,42,12,0,8
151.08572387695312,218.24483835183125,0.9738754240639936,14.48726283246377,seoul,seoul_t5-01,t5-01,2026-03-13T20:36:44.946228,1,XGBoost,6,clean_only,True,42,12,0,2
37.25469970703125,41.4043664217877,0.2223436112712131,4.533771890826049,seoul,seoul_t5-01,t5-01,2026-03-13T20:36:49.043541,0,TabPFN,6,clean_only,True,42,8,0,8
48.075469970703125,81.864486044678,0.3098871124509748,4.2758356372635,seoul,seoul_t5-01,t5-01,2026-03-13T20:36:49.434590,1,TabPFN,6,clean_only,True,42,8,0,2
37.58740234375,40.56777367248564,0.2243292481521766,4.952432120703839,seoul,seoul_t5-01,t5-01,2026-03-13T20:36:49.982053,0,TabPFN_NoWeather,6,clean_only,False,42,0,0,8
41.89409383138021,71.33667174320868,0.2700429090774988,3.8536790894646686,seoul,seoul_t5-01,t5-01,2026-03-13T20:36:50.308534,1,TabPFN_NoWeather,6,clean_only,False,42,0,0,2
94.98921580830502,113.07408372020002,0.566914924579382,13.854431732082586,seoul,seoul_t5-01,t5-01,2026-03-13T20:37:08.488222,0,SARIMAX,6,degraded,True,42,8,0,8
175.27540569302622,179.82169143886534,1.1297984062763111,19.30837305855625,seoul,seoul_t5-01,t5-01,2026-03-13T20:37:29.562829,1,SARIMAX,6,degraded,True,42,8,0,2
241.90241495768228,266.4604020174113,1.4437227233042875,34.188092670707135,seoul,seoul_t5-01,t5-01,2026-03-13T20:37:33.832405,0,XGBoost,6,degraded,True,42,12,0,8
151.08572387695312,218.24483835183125,0.9738754240639936,14.48726283246377,seoul,seoul_t5-01,t5-01,2026-03-13T20:37:37.298883,1,XGBoost,6,degraded,True,42,12,0,2
28.08919270833333,30.63748298060919,0.1676420047290068,3.6432795639015296,seoul,seoul_t5-01,t5-01,2026-03-13T20:37:37.950654,0,TabPFN,6,degraded,True,42,8,0,8
49.21207682291666,78.33836912879268,0.3172135060491879,4.534447033182486,seoul,seoul_t5-01,t5-01,2026-03-13T20:37:38.325343,1,TabPFN,6,degraded,True,42,8,0,2
83.33333333333333,95.47774609824008,1.7119838872104731,42.98544606868068,washington,washington_t5-01,t5-01,2026-03-13T20:37:44.059874,0,Seasonal_Naive,6,clean_only,False,42,0,0,2
17.5,22.58686934186911,0.3539108637464417,25.54198199747684,washington,washington_t5-01,t5-01,2026-03-13T20:37:44.060067,1,Seasonal_Naive,6,clean_only,False,42,0,0,2
58.97765599772613,75.25655145755076,1.211625561282591,27.55665683642141,washington,washington_t5-01,t5-01,2026-03-13T20:37:44.843265,0,ARIMA,6,clean_only,False,42,0,0,2
108.9191003131034,112.77047199978526,2.202723021159758,78.68763386774616,washington,washington_t5-01,t5-01,2026-03-13T20:37:44.853146,1,ARIMA,6,clean_only,False,42,0,0,2
58.83149694293226,74.86121291422818,1.208622897921267,27.634634469591145,washington,washington_t5-01,t5-01,2026-03-13T20:37:47.233761,0,SARIMAX,6,clean_only,True,42,8,0,2
38.03958770043052,40.0445978103752,0.7692927622638792,38.57010419489272,washington,washington_t5-01,t5-01,2026-03-13T20:37:51.658470,1,SARIMAX,6,clean_only,True,42,8,0,2
101.2651646931966,111.333811116735,2.08037196348561,55.07830444018498,washington,washington_t5-01,t5-01,2026-03-13T20:37:52.908727,0,XGBoost,6,clean_only,True,42,12,0,2
69.63133494059245,72.54637948897856,1.408187765293878,60.02105528325819,washington,washington_t5-01,t5-01,2026-03-13T20:37:53.948172,1,XGBoost,6,clean_only,True,42,12,0,2
59.62990061442057,78.15346123918347,1.225025148574199,27.95512235032008,washington,washington_t5-01,t5-01,2026-03-13T20:37:54.552118,0,TabPFN,6,clean_only,True,42,8,0,2
15.892826080322266,21.34385204824744,0.3214082174547902,16.50570617478629,washington,washington_t5-01,t5-01,2026-03-13T20:37:54.939710,1,TabPFN,6,clean_only,True,42,8,0,2
66.59177144368489,83.7514911243683,1.3680484767886925,31.949237084462368,washington,washington_t5-01,t5-01,2026-03-13T20:37:55.486593,0,TabPFN_NoWeather,6,clean_only,False,42,0,0,2
16.992522557576496,18.88016267948047,0.3436479048904453,24.557682001505544,washington,washington_t5-01,t5-01,2026-03-13T20:37:55.825715,1,TabPFN_NoWeather,6,clean_only,False,42,0,0,2
74.39881609301901,91.29063682025613,1.5284348925454054,38.00052587410712,washington,washington_t5-01,t5-01,2026-03-13T20:37:58.219471,0,SARIMAX,6,degraded,True,42,8,0,2
45.5306592484998,45.83630331353263,0.9207882823760848,43.76973152016137,washington,washington_t5-01,t5-01,2026-03-13T20:38:04.365769,1,SARIMAX,6,degraded,True,42,8,0,2
101.2651646931966,111.333811116735,2.08037196348561,55.07830444018498,washington,washington_t5-01,t5-01,2026-03-13T20:38:05.639868,0,XGBoost,6,degraded,True,42,12,0,2
69.63133494059245,72.54637948897856,1.408187765293878,60.02105528325819,washington,washington_t5-01,t5-01,2026-03-13T20:38:06.841980,1,XGBoost,6,degraded,True,42,12,0,2
81.17579778035481,102.52666107851071,1.6676598939770777,42.26155238363791,washington,washington_t5-01,t5-01,2026-03-13T20:38:07.428787,0,TabPFN,6,degraded,True,42,8,0,2
21.57410430908203,27.258749251715088,0.4363034223190316,29.22316647965169,washington,washington_t5-01,t5-01,2026-03-13T20:38:07.810544,1,TabPFN,6,degraded,True,42,8,0,2
732.3333333333334,945.3159965500073,2.35990269484725,55.408827208574266,london,london_t5-01,t5-01,2026-03-13T20:38:12.492003,0,Seasonal_Naive,6,clean_only,False,42,0,0,0
429.1666666666667,715.1907670917832,1.3485116532882693,49.49928307971417,london,london_t5-01,t5-01,2026-03-13T20:38:12.492079,1,Seasonal_Naive,6,clean_only,False,42,0,0,0
436.5348171769699,761.4991131721647,1.4067087275155887,30.638733513789024,london,london_t5-01,t5-01,2026-03-13T20:38:13.289598,0,ARIMA,6,clean_only,False,42,0,0,0
1914.617522269866,1982.700975047034,6.01604048241746,125.25967721246654,london,london_t5-01,t5-01,2026-03-13T20:38:13.306906,1,ARIMA,6,clean_only,False,42,0,0,0
620.7277552505756,870.2904984736504,2.0002600396663417,46.51328060718309,london,london_t5-01,t5-01,2026-03-13T20:38:34.417683,0,SARIMAX,6,clean_only,True,42,8,0,0
1899.0365399933123,1955.565234081957,5.967082495226134,125.58013906022569,london,london_t5-01,t5-01,2026-03-13T20:38:48.296398,1,SARIMAX,6,clean_only,True,42,8,0,0
460.80176798502606,796.5062145544222,1.4849076022643244,34.33396044823704,london,london_t5-01,t5-01,2026-03-13T20:38:48.966722,0,XGBoost,6,clean_only,True,42,12,0,0
1050.9208374023438,1113.616456573392,3.3021646506886064,104.39899239769217,london,london_t5-01,t5-01,2026-03-13T20:38:49.354919,1,XGBoost,6,clean_only,True,42,12,0,0
442.8301086425781,776.932436975274,1.426994947763023,32.60307036809115,london,london_t5-01,t5-01,2026-03-13T20:38:49.938738,0,TabPFN,6,clean_only,True,42,8,0,0
437.52264404296875,455.21098884023786,1.374767496860828,68.75622374703462,london,london_t5-01,t5-01,2026-03-13T20:38:50.311100,1,TabPFN,6,clean_only,True,42,8,0,0
438.1416320800781,788.5969557943179,1.4118865975474038,32.0259807121611,london,london_t5-01,t5-01,2026-03-13T20:38:50.841067,0,TabPFN_NoWeather,6,clean_only,False,42,0,0,0
392.6139628092448,425.2396312375009,1.2336570969132903,58.81583088738047,london,london_t5-01,t5-01,2026-03-13T20:38:51.181229,1,TabPFN_NoWeather,6,clean_only,False,42,0,0,0
630.7974982399738,883.442749049286,2.032709216203119,47.42298473972855,london,london_t5-01,t5-01,2026-03-13T20:39:12.312123,0,SARIMAX,6,degraded,True,42,8,0,0
1856.091723598992,1918.4674349101003,5.832142878862485,124.4433933319546,london,london_t5-01,t5-01,2026-03-13T20:39:25.990693,1,SARIMAX,6,degraded,True,42,8,0,0
460.80176798502606,796.5062145544222,1.4849076022643244,34.33396044823704,london,london_t5-01,t5-01,2026-03-13T20:39:26.644446,0,XGBoost,6,degraded,True,42,12,0,0
1050.9208374023438,1113.616456573392,3.3021646506886064,104.39899239769217,london,london_t5-01,t5-01,2026-03-13T20:39:27.061206,1,XGBoost,6,degraded,True,42,12,0,0
536.7522379557291,930.548335581642,1.7296536906923317,42.93036243054284,london,london_t5-01,t5-01,2026-03-13T20:39:27.682435,0,TabPFN,6,degraded,True,42,8,0,0
393.5821075439453,433.8375234315916,1.2366991655505253,62.958075394059655,london,london_t5-01,t5-01,2026-03-13T20:39:28.063370,1,TabPFN,6,degraded,True,42,8,0,0
