dataset,run_name,version,timestamp,model,horizon,weather_scenario,model_uses_covariates,degradation_seed,num_weather_vars,n_folds,MAE_mean,MAE_std,RMSE_mean,RMSE_std,MASE_mean,MASE_std,sMAPE_mean,sMAPE_std,total_test_imputed,total_train_imputed,folds_with_imputed_test
seoul,seoul_v6,v6,2026-05-16T13:24:39.977198,Seasonal_Naive,6,clean_only,False,42,0,980,300.3319727891157,358.650602825067,346.8296362625619,388.175487022306,1.0375163666370992,1.2139469964129592,41.53944584573126,48.46940988939448,295,33780,50
seoul,seoul_v6,v6,2026-05-16T13:24:42.147946,Seasonal_Naive,24,clean_only,False,42,0,245,300.33197278911564,257.0795753369072,402.9108510798114,330.03740188023494,1.0466801516376996,0.8948224797482844,41.53944584573126,40.45247944761257,295,8418,13
seoul,seoul_v6,v6,2026-05-16T13:24:42.492408,Seasonal_Naive,48,clean_only,False,42,0,122,356.9275956284153,228.723131206212,496.6387913264505,285.0749800243592,1.2568339956809196,0.8272604718078457,47.509627491144734,38.28222564029628,295,4161,13
seoul,seoul_v6,v6,2026-05-16T13:24:42.745414,Seasonal_Naive,168,clean_only,False,42,0,35,340.39421768707484,185.47210882800272,508.251675065988,222.2547276599312,1.2303961906077217,0.7617189372234675,47.5838315168461,33.76776455465292,295,1180,7
seoul,seoul_v6,v6,2026-05-16T13:27:23.166700,ARIMA,6,clean_only,False,42,0,980,434.5389899507495,220.7579756191913,510.0020718926877,238.24565339320043,1.5149959037529923,0.8033918952197927,57.73222631264883,38.377331261526976,295,33780,50
seoul,seoul_v6,v6,2026-05-16T13:28:02.841766,ARIMA,24,clean_only,False,42,0,245,524.5421161763921,153.76990489620388,637.1460987030215,176.1414456179836,1.8281201358024863,0.6008005895436542,62.50271495081765,25.90781281933725,295,8418,13
seoul,seoul_v6,v6,2026-05-16T13:28:22.789015,ARIMA,48,clean_only,False,42,0,122,542.7935061760186,138.22187715306853,658.2785873252295,154.25585728120524,1.8985126010424704,0.5767013834543907,64.31092337952576,24.89522561634044,295,4161,13
seoul,seoul_v6,v6,2026-05-16T13:28:28.401211,ARIMA,168,clean_only,False,42,0,35,552.1312452630119,118.0874565803043,665.6114591727595,129.7155270739336,1.94103351566854,0.4741908979194362,63.69055117025741,13.67928085708948,295,1180,7
seoul,seoul_v6,v6,2026-05-16T16:19:06.110050,SARIMAX,6,clean_only,True,42,9,980,266.2282269399513,181.59015930173345,311.83686589085016,208.0177642696069,0.9156677606206832,0.6458481869028654,42.82893565811207,42.294207861537416,295,33780,50
seoul,seoul_v6,v6,2026-05-16T17:07:43.867417,SARIMAX,24,clean_only,True,42,9,245,381.9490410878133,253.55144599441547,466.63825769361137,292.7555096178289,1.3138305914240287,0.8542649336951382,55.22104130280224,47.1222210612022,295,8418,13
seoul,seoul_v6,v6,2026-05-16T17:27:52.741080,SARIMAX,48,clean_only,True,42,9,122,452.3885550204391,259.08944139172416,557.434162683624,286.16882440853306,1.586671627112796,1.004971022597263,60.47964508090357,41.32297647400532,295,4161,13
seoul,seoul_v6,v6,2026-05-16T17:34:14.039492,SARIMAX,168,clean_only,True,42,9,35,720.1458509976121,534.6613166248047,835.6530024124871,557.1729057900321,2.529439406165217,1.9624641201216928,75.11443965871838,40.25584958255023,295,1180,7
seoul,seoul_v6,v6,2026-05-16T17:43:48.945389,XGBoost,6,clean_only,True,42,13,980,188.2413204316582,164.67184746590826,225.7520608284701,189.7660447659824,0.6634164519193133,0.6233960560154429,28.137205584129333,32.53018122598887,295,33780,50
seoul,seoul_v6,v6,2026-05-16T17:46:24.189084,XGBoost,24,clean_only,True,42,13,245,238.6127017752654,143.8999822433533,329.3364556915934,184.7476512617696,0.8452328292710614,0.57374407211728,32.41796511084591,30.33472951600596,295,8418,13
seoul,seoul_v6,v6,2026-05-16T17:47:48.213404,XGBoost,48,clean_only,True,42,13,122,263.0219102140333,132.40253779366265,370.0617088888133,167.6429346528689,0.939142858255214,0.5584936480131883,34.713612386668586,27.38575287708009,295,4161,13
seoul,seoul_v6,v6,2026-05-16T17:48:21.314720,XGBoost,168,clean_only,True,42,13,35,282.323726504514,129.2706742960033,404.6863141459232,149.28213806574576,1.0440691727699056,0.7261819949987833,36.43149600400894,17.447436244338373,295,1180,7
seoul,seoul_v6,v6,2026-05-16T17:50:34.094583,Prophet_Untuned,6,clean_only,False,42,0,980,364.3745193133013,288.1372999799823,413.02266864101887,300.1892946738798,1.2516417856481463,0.9822066308789942,52.13980395811139,44.54935762701632,295,33780,50
seoul,seoul_v6,v6,2026-05-16T17:51:07.156138,Prophet_Untuned,24,clean_only,False,42,0,245,376.89195332220135,228.98542162182687,469.1352945665748,254.23248023086964,1.3123482801609874,0.8038892009720943,53.105177576055965,36.71950700980383,295,8418,13
seoul,seoul_v6,v6,2026-05-16T17:51:23.178801,Prophet_Untuned,48,clean_only,False,42,0,122,422.6636258284216,228.99638713468272,527.7804344949001,256.75546391956243,1.4799140154598234,0.8373743407852485,58.47706903602444,35.79314642150801,295,4161,13
seoul,seoul_v6,v6,2026-05-16T17:51:29.039660,Prophet_Untuned,168,clean_only,False,42,0,35,678.190963463542,437.2647258445557,820.2154621090348,483.321240333387,2.398091919152841,1.7417767198645588,79.22006066906988,41.59703353082124,295,1180,7
seoul,seoul_v6,v6,2026-05-16T20:02:29.936726,NeuralProphet_Untuned,6,clean_only,True,42,9,980,1264.7018508805506,14322.965148749545,1591.4746049747878,20642.910620050166,4.117361587713262,41.02056326681658,80.46515483815824,39.284409873272025,295,33780,50
seoul,seoul_v6,v6,2026-05-16T20:36:00.302701,NeuralProphet_Untuned,24,clean_only,True,42,9,245,4928.466943401544,68943.04781076786,5967.820450226269,82885.14954274753,13.33077900230249,182.02131307023564,55.82773027242517,33.4727152885149,295,8418,13
seoul,seoul_v6,v6,2026-05-16T20:52:41.723337,NeuralProphet_Untuned,48,clean_only,True,42,9,122,599.1317290100244,1294.0302544633728,841.9081880958901,2085.225207854763,1.9785456622668056,3.3742677787574027,60.88178548858274,30.526578029351217,295,4161,13
seoul,seoul_v6,v6,2026-05-16T20:57:33.272549,NeuralProphet_Untuned,168,clean_only,True,42,9,35,458.7573471065889,249.6272803370659,621.6199194250705,365.0638073093339,1.6264967535634658,0.95400001595214,59.24581034736404,21.840969674941288,295,1180,7
seoul,seoul_v6,v6,2026-05-16T22:58:54.394126,NeuralProphet_NoWeather_Untuned,6,clean_only,False,42,0,980,692.1710978733033,322.17933864352744,773.346942474576,337.68002187742565,2.4180460944592768,1.216639397706706,82.51636628660371,37.45898252726423,295,33780,50
seoul,seoul_v6,v6,2026-05-16T23:29:18.955544,NeuralProphet_NoWeather_Untuned,24,clean_only,False,42,0,245,391.333670786976,202.27731471048813,503.8334026018969,255.24377321025028,1.372463691642667,0.7337085783309595,55.20733264991225,33.795425644457985,295,8418,13
seoul,seoul_v6,v6,2026-05-16T23:44:25.559572,NeuralProphet_NoWeather_Untuned,48,clean_only,False,42,0,122,447.55220378499706,185.8149028799372,583.1211886789845,230.536869467546,1.5726328911017018,0.6886208326777544,59.82904003236374,30.508593727151386,295,4161,13
seoul,seoul_v6,v6,2026-05-16T23:48:46.330292,NeuralProphet_NoWeather_Untuned,168,clean_only,False,42,0,35,422.3039046507303,132.04025666188596,577.1524669703413,184.8082407702804,1.4924109101374154,0.5121160198557936,56.97289399505129,19.787457782213792,295,1180,7
seoul,seoul_v6,v6,2026-05-17T00:01:28.517124,TabPFN,6,clean_only,True,42,9,980,151.4059853462946,144.27353429657637,183.93057325356205,177.5740243098833,0.5327984158256429,0.5459174461664816,23.78575959650909,27.232264109389,295,33780,50
seoul,seoul_v6,v6,2026-05-17T00:04:49.653518,TabPFN,24,clean_only,True,42,9,245,194.56022114899693,123.1312895012537,270.86205348289553,168.6463911859303,0.6945534185974103,0.506308125795705,28.62948093744235,27.32282338712726,295,8418,13
seoul,seoul_v6,v6,2026-05-17T00:06:32.883293,TabPFN,48,clean_only,True,42,9,122,216.1229933568689,105.8935033003538,311.7216232157979,144.56350182885706,0.7716981514224699,0.4550164106818857,31.12785022268882,25.78828786117938,295,4161,13
seoul,seoul_v6,v6,2026-05-17T00:07:04.376936,TabPFN,168,clean_only,True,42,9,35,222.2533489118628,71.38205322490188,331.42580793115286,83.0080993277413,0.8129296337213707,0.4070223913580033,32.61327228464484,17.238473449882278,295,1180,7
seoul,seoul_v6,v6,2026-05-17T00:19:08.324629,TabPFN_NoWeather,6,clean_only,False,42,0,980,185.10829087341725,185.86881107811035,221.38536043851545,219.3974353083126,0.6476333303639027,0.6778159509032505,27.659412046622258,33.17943589132152,295,33780,50
seoul,seoul_v6,v6,2026-05-17T00:22:10.118158,TabPFN_NoWeather,24,clean_only,False,42,0,245,272.8914288426743,217.34383438591323,367.26111131936574,277.0089564680868,0.9562915942219586,0.7798540793845418,35.36644689572792,33.9027356338069,295,8418,13
seoul,seoul_v6,v6,2026-05-17T00:23:43.425235,TabPFN_NoWeather,48,clean_only,False,42,0,122,315.6625871449872,206.64949569537265,437.1533605908977,259.1577197577182,1.102817673044988,0.716244901399142,39.60721654829228,31.630638822731388,295,4161,13
seoul,seoul_v6,v6,2026-05-17T00:24:08.576421,TabPFN_NoWeather,168,clean_only,False,42,0,35,313.8958636617985,98.85071748365556,466.82929667613854,143.3630679742702,1.1044162366645016,0.379285384634132,39.470493613225976,15.903716618411003,295,1180,7
seoul,seoul_v6,v6,2026-05-17T03:09:34.843354,SARIMAX,6,degraded,True,42,9,980,275.5893639984795,176.0523910776953,324.9891388833871,201.98697518618468,0.947548874310753,0.623845126760667,44.05715077908063,41.92057728076352,295,33780,50
seoul,seoul_v6,v6,2026-05-17T03:49:51.687248,SARIMAX,24,degraded,True,42,9,245,393.9613554886777,250.2148053737888,481.3538947705548,289.70893078905834,1.3555083141094582,0.8418091989568421,55.94196190056434,45.64785744604461,295,8418,13
seoul,seoul_v6,v6,2026-05-17T04:11:08.584579,SARIMAX,48,degraded,True,42,9,122,464.198979359674,253.19049932495912,572.2947260662042,280.98487138637665,1.6264744153589654,0.9864268757288036,61.47644570888407,40.096031760712485,295,4161,13
seoul,seoul_v6,v6,2026-05-17T04:17:12.062757,SARIMAX,168,degraded,True,42,9,35,739.6497332443356,523.102526224791,864.42951696377,546.2435185223968,2.594119939907387,1.9216518710875257,76.1408581555247,37.11314696851971,295,1180,7
seoul,seoul_v6,v6,2026-05-17T04:26:53.678524,XGBoost,6,degraded,True,42,13,980,202.809766609166,175.36498037119208,244.0603458761865,202.6767717592417,0.7088556938603298,0.6448358287096161,30.07111102413446,33.62822500050286,295,33780,50
seoul,seoul_v6,v6,2026-05-17T04:29:26.421147,XGBoost,24,degraded,True,42,13,245,259.37209295143884,149.91786480083007,360.0805492304678,192.98887213716708,0.9098697656669475,0.5734458439144117,34.6756996783418,29.793254471657,295,8418,13
seoul,seoul_v6,v6,2026-05-17T04:30:49.798396,XGBoost,48,degraded,True,42,13,122,283.2849496486571,136.94452912966284,397.85551886237096,177.08865589293515,1.0047549435907095,0.5665302178423265,37.136185751820925,26.61132290565173,295,4161,13
seoul,seoul_v6,v6,2026-05-17T04:31:22.858289,XGBoost,168,degraded,True,42,13,35,310.50709574206337,141.17210235550928,443.5238729412194,166.27230955202262,1.1333313148152162,0.7310391205520701,40.04008235606825,17.284324030576254,295,1180,7
seoul,seoul_v6,v6,2026-05-17T06:37:40.818742,NeuralProphet_Untuned,6,degraded,True,42,9,980,1963.987194502192,33988.40598334128,2197.704452091039,38054.72146516907,6.434552674539704,99.47353566353785,80.60499352652002,38.50261447035852,295,33780,50
seoul,seoul_v6,v6,2026-05-17T07:09:17.899247,NeuralProphet_Untuned,24,degraded,True,42,9,245,455.9119707676424,410.7206612659491,582.1789881204872,501.8502540401611,1.623787826009898,1.7283982789048258,61.360156126800014,31.677877626774183,295,8418,13
seoul,seoul_v6,v6,2026-05-17T07:25:04.630424,NeuralProphet_Untuned,48,degraded,True,42,9,122,490.476004059116,179.85270554001306,635.7769268605489,227.19199079719965,1.752521236028221,0.8141936603153123,66.7961858874176,26.90965853762795,295,4161,13
seoul,seoul_v6,v6,2026-05-17T07:29:34.944534,NeuralProphet_Untuned,168,degraded,True,42,9,35,2343.264055491203,10699.471585739391,3077.227165975754,14079.127983314658,10.122086938253815,48.53023952067354,75.25551451914168,26.152972956510464,295,1180,7
seoul,seoul_v6,v6,2026-05-17T07:42:31.736281,TabPFN,6,degraded,True,42,9,980,244.4206685050004,226.1889876242916,299.9585715124653,265.26351095974326,0.8248112232558826,0.7205520212955349,35.85647737404591,30.49971923418619,295,33780,50
seoul,seoul_v6,v6,2026-05-17T07:45:59.516870,TabPFN,24,degraded,True,42,9,245,283.8307946536005,157.41172992704855,396.3589230799261,215.3770209032881,0.970449074661917,0.5423896067718832,40.40595490578234,27.87371595102553,295,8418,13
seoul,seoul_v6,v6,2026-05-17T07:47:38.830726,TabPFN,48,degraded,True,42,9,122,314.86683052941095,144.29648184959103,447.36696579495447,197.3631719420425,1.0795429879040086,0.4774710638092508,44.16829859231474,25.95820056394748,295,4161,13
seoul,seoul_v6,v6,2026-05-17T07:48:01.672250,TabPFN,168,degraded,True,42,9,35,339.1107260235313,126.4077820599209,476.29421145607,161.21488847737797,1.1765845171195946,0.4468255686894218,48.44799444927283,20.51046144856905,295,1180,7
washington,washington_v6,v6,2026-05-17T07:48:04.048279,Seasonal_Naive,6,clean_only,False,42,0,980,79.83146258503402,81.84488986461344,95.3157163928738,93.69630029049698,0.9637480108240633,0.9764252796448174,41.46084185338834,33.105473639881886,40,4664,11
washington,washington_v6,v6,2026-05-17T07:48:04.884125,Seasonal_Naive,24,clean_only,False,42,0,245,79.83146258503402,55.96702060035683,111.38448710921938,73.96587566181591,0.9686542608047234,0.6771498590804593,41.46084185338834,24.248899392493897,40,1166,6
washington,washington_v6,v6,2026-05-17T07:48:05.261662,Seasonal_Naive,48,clean_only,False,42,0,122,101.11543715846994,56.34489802278498,143.7143358709019,71.71217564854474,1.2262452131458887,0.6837602858079402,50.32508010200901,23.83455533476981,40,582,6
washington,washington_v6,v6,2026-05-17T07:48:05.507894,Seasonal_Naive,168,clean_only,False,42,0,35,93.50833333333334,25.23548652682234,148.55018485553072,30.3413336523136,1.0956568140729563,0.285268406923541,48.666873518806106,13.298579475124356,40,179,6
washington,washington_v6,v6,2026-05-17T07:50:03.260601,ARIMA,6,clean_only,False,42,0,980,128.77321933031408,49.282100625728006,157.9036371495127,66.62644540282453,1.562361674307824,0.5879391520552716,65.8644718955198,42.87343465755671,40,4664,11
washington,washington_v6,v6,2026-05-17T07:50:31.431834,ARIMA,24,clean_only,False,42,0,245,153.13084202633743,26.960643799526235,196.5698430372566,36.99578515353432,1.854820973289468,0.2969305986993959,72.287271531555,12.398015218542865,40,1166,6
washington,washington_v6,v6,2026-05-17T07:50:45.478723,ARIMA,48,clean_only,False,42,0,122,165.11115662575992,24.11158499216004,206.75369794379705,33.76221649479272,1.9986442113584788,0.2516797797207312,75.44367961309301,10.572677825857369,40,582,6
washington,washington_v6,v6,2026-05-17T07:50:49.978814,ARIMA,168,clean_only,False,42,0,35,171.8707466492434,20.91508542928318,212.0617316490324,28.347055741509507,2.014976226052638,0.1920307404146762,77.69694332875626,7.759355219247469,40,179,6
washington,washington_v6,v6,2026-05-17T10:11:25.453806,SARIMAX,6,clean_only,True,42,9,980,77.63723561196134,54.213880704171565,91.84292650099204,63.33395755326969,0.937760937166176,0.6436329444623987,51.57289835572386,42.728747331724,40,4664,11
washington,washington_v6,v6,2026-05-17T10:45:26.183141,SARIMAX,24,clean_only,True,42,9,245,91.61983962059568,42.68179061416334,118.82146181536515,52.20477872305779,1.1094303528199567,0.5115642288287784,54.421837831067634,18.343478832513256,40,1166,6
washington,washington_v6,v6,2026-05-17T11:01:14.340136,SARIMAX,48,clean_only,True,42,9,122,100.97492884071188,39.711142004926245,132.87493296753007,47.79620646343508,1.2254187204019942,0.4873381322565341,57.602689796905295,17.243926786247986,40,582,6
washington,washington_v6,v6,2026-05-17T11:05:53.580755,SARIMAX,168,clean_only,True,42,9,35,99.98077271952282,29.20595143080505,134.1959544813105,37.07152714253698,1.1765688188984782,0.3661821090403395,56.49000065232104,13.013487266648935,40,179,6
washington,washington_v6,v6,2026-05-17T11:17:28.627055,XGBoost,6,clean_only,True,42,13,980,40.08462269565179,34.20859511035624,49.200925028931685,41.681794101997546,0.4891450307744748,0.4234664366055012,25.99031213048572,22.7777558481292,40,4664,11
washington,washington_v6,v6,2026-05-17T11:20:26.700365,XGBoost,24,clean_only,True,42,13,245,53.92864095450563,28.839939364140864,76.89462376256499,40.43843085950869,0.662616625065051,0.3800623704200457,30.46408407406605,17.38817648160099,40,1166,6
washington,washington_v6,v6,2026-05-17T11:22:01.909027,XGBoost,48,clean_only,True,42,13,122,58.640502910954176,25.78389991079572,85.72652150967684,35.6458213670296,0.719809082345811,0.3427047550972677,32.88294531006451,16.228249533797225,40,582,6
washington,washington_v6,v6,2026-05-17T11:22:34.637157,XGBoost,168,clean_only,True,42,13,35,61.67660974631605,18.442318870736766,94.07639830802844,26.370106244107426,0.7322757654248698,0.2425307555030913,34.22703359360256,10.822097103955262,40,179,6
washington,washington_v6,v6,2026-05-17T11:24:03.462324,Prophet_Untuned,6,clean_only,False,42,0,980,101.75043690477592,55.689105157208445,121.46656633617316,62.654650390020365,1.2312666013011735,0.6665473742801377,63.329402059346165,44.72755795374668,40,4664,11
washington,washington_v6,v6,2026-05-17T11:24:24.856809,Prophet_Untuned,24,clean_only,False,42,0,245,100.04189820575117,28.101760461853104,130.5577918755449,33.278762952568194,1.2113365692054583,0.3338389184774138,62.49640965013628,20.843482954254924,40,1166,6
washington,washington_v6,v6,2026-05-17T11:24:35.863929,Prophet_Untuned,48,clean_only,False,42,0,122,103.86232584035696,22.86585133534212,136.2360096121215,26.389985371300508,1.2620806271744829,0.2952136706597587,63.95286974569487,19.9543642630359,40,582,6
washington,washington_v6,v6,2026-05-17T11:24:39.592092,Prophet_Untuned,168,clean_only,False,42,0,35,119.71272400640213,32.113495582960134,154.3798895671508,34.65191263205319,1.4270498333762158,0.4911610866728039,68.82210724885124,24.24134746612176,40,179,6
washington,washington_v6,v6,2026-05-17T13:32:37.354074,NeuralProphet_Untuned,6,clean_only,True,42,9,980,234.5095833521412,85.5305500203034,274.4701039329662,98.8887284952482,2.8276837474060987,1.0071711833184855,104.82030273903652,44.67091230978056,40,4664,11
washington,washington_v6,v6,2026-05-17T14:05:46.435300,NeuralProphet_Untuned,24,clean_only,True,42,9,245,129.01197099907665,45.08819715844563,167.09051442425485,56.365587730409416,1.560201545368321,0.5185293587201251,73.87783098233709,17.6117609337164,40,1166,6
washington,washington_v6,v6,2026-05-17T14:22:17.292568,NeuralProphet_Untuned,48,clean_only,True,42,9,122,150.69041998642678,39.6970651974891,195.63716659417923,49.65112315689583,1.818154457303531,0.4350471769605046,80.02443078740059,15.110423371946208,40,582,6
washington,washington_v6,v6,2026-05-17T14:27:02.439407,NeuralProphet_Untuned,168,clean_only,True,42,9,35,127.72148233588256,43.868616549821546,170.21661807097323,61.27568692686513,1.5063960650470851,0.5354802245010538,73.65623486641316,17.271071931950818,40,179,6
washington,washington_v6,v6,2026-05-17T16:28:53.123896,NeuralProphet_NoWeather_Untuned,6,clean_only,False,42,0,980,242.36676779771545,84.86772178684936,281.6349226119633,98.45535727929406,2.919111473954152,0.9895686324733628,107.9957369075265,42.84326736255703,40,4664,11
washington,washington_v6,v6,2026-05-17T17:00:19.647254,NeuralProphet_NoWeather_Untuned,24,clean_only,False,42,0,245,119.51569625991746,40.71389347272,156.0483923560122,52.4227697963417,1.4443844471771785,0.4798604804380665,69.90760158019322,14.890671733513148,40,1166,6
washington,washington_v6,v6,2026-05-17T17:15:35.215774,NeuralProphet_NoWeather_Untuned,48,clean_only,False,42,0,122,141.6840450027703,36.01346679087963,188.45514984232344,45.530438162076734,1.7076198147759345,0.3981484472026415,74.63515458348377,11.721790505773305,40,582,6
washington,washington_v6,v6,2026-05-17T17:19:58.546965,NeuralProphet_NoWeather_Untuned,168,clean_only,False,42,0,35,107.2928388398622,13.167244053316214,143.79965156321347,18.125031947265544,1.2652499477223913,0.1844424931976294,65.63104030906906,10.013937847799056,40,179,6
washington,washington_v6,v6,2026-05-17T17:33:36.801192,TabPFN,6,clean_only,True,42,9,980,39.67020042830584,39.18020946887054,49.74334865121762,49.11745950295498,0.4812247952295556,0.480002013390551,24.34600647451495,21.197191845530465,40,4664,11
washington,washington_v6,v6,2026-05-17T17:36:39.313247,TabPFN,24,clean_only,True,42,9,245,49.38233652881214,35.91515563505905,71.29918013933641,50.46290989493293,0.6011428545488127,0.4441829539499931,27.602385802041898,17.061214146796754,40,1166,6
washington,washington_v6,v6,2026-05-17T17:38:20.314407,TabPFN,48,clean_only,True,42,9,122,53.65973891301559,30.886527870972763,82.02512761463473,45.38754831915556,0.6577199870221653,0.4005403406686098,29.257550445356728,15.093035522864172,40,582,6
washington,washington_v6,v6,2026-05-17T17:38:50.977896,TabPFN,168,clean_only,True,42,9,35,50.557293066321584,21.33635665340476,81.70808372669012,30.095649345669937,0.5994166761861454,0.2820381891282799,28.39878657041516,9.94749599098724,40,179,6
washington,washington_v6,v6,2026-05-17T17:50:48.296799,TabPFN_NoWeather,6,clean_only,False,42,0,980,43.27135742582431,44.4308700686182,53.58914851430805,53.94171028118468,0.524194409964498,0.5365169095189057,25.580976326334785,22.603706823493056,40,4664,11
washington,washington_v6,v6,2026-05-17T17:53:37.862362,TabPFN_NoWeather,24,clean_only,False,42,0,245,57.080306689674345,39.468390056797176,81.38983763943376,55.50371139164185,0.6950771278882654,0.4835026902039605,30.13112732279188,19.124493855175643,40,1166,6
washington,washington_v6,v6,2026-05-17T17:55:05.740321,TabPFN_NoWeather,48,clean_only,False,42,0,122,61.57893514686107,33.72224902145349,93.39184030333848,49.16719271113877,0.7528619983852272,0.4203940440765144,31.63563880532892,17.15361106890374,40,582,6
washington,washington_v6,v6,2026-05-17T17:55:30.592191,TabPFN_NoWeather,168,clean_only,False,42,0,35,59.89972644703729,27.2674444320547,95.1344766413437,38.84269880677057,0.709184855080084,0.3361680596754378,30.89300930549564,13.128043975222932,40,179,6
washington,washington_v6,v6,2026-05-17T20:06:07.835859,SARIMAX,6,degraded,True,42,9,980,244.1275535582971,548.6473250809614,358.0603228617478,845.3452104147458,3.041892038537582,6.931157428283832,61.74928851589722,47.732822664279226,40,4664,11
washington,washington_v6,v6,2026-05-17T20:41:26.572834,SARIMAX,24,degraded,True,42,9,245,253.05949114136249,451.8661935157221,406.0735960981497,788.363271664832,3.1538461690012016,5.712299824373724,63.61894043831297,23.751733691956137,40,1166,6
washington,washington_v6,v6,2026-05-17T20:59:44.081678,SARIMAX,48,degraded,True,42,9,122,277.2672361968358,473.3405065088338,441.69747323702217,833.0817296388038,3.465800291508358,6.014184208631686,67.35461387789347,22.71188646272714,40,582,6
washington,washington_v6,v6,2026-05-17T21:04:46.356601,SARIMAX,168,degraded,True,42,9,35,291.7074600318414,521.3634169944509,458.9843019970274,901.1175038483474,3.5679901976272035,6.559830922380924,68.14064394064431,21.46383854737108,40,179,6
washington,washington_v6,v6,2026-05-17T21:16:10.200234,XGBoost,6,degraded,True,42,13,980,43.39442694210226,36.65854796827381,53.116985489534464,44.13122572631356,0.5284973683890883,0.4490663304863807,27.536386124962007,23.2556501332156,40,4664,11
washington,washington_v6,v6,2026-05-17T21:19:07.817250,XGBoost,24,degraded,True,42,13,245,57.16724921731392,26.595986829821346,81.74996552694414,37.77006220881183,0.6993614854870492,0.3460157704041841,32.122256442485146,16.355439480819744,40,1166,6
washington,washington_v6,v6,2026-05-17T21:20:40.007955,XGBoost,48,degraded,True,42,13,122,61.83265571706404,24.567566409604147,90.1795191266641,34.67949529741615,0.7577070844111027,0.3255609039999462,34.521095892472566,15.718210090481362,40,582,6
washington,washington_v6,v6,2026-05-17T21:21:12.029002,XGBoost,168,degraded,True,42,13,35,66.48704266683231,17.982581036495397,99.66224380967962,24.794410473771205,0.7887059290881374,0.2389565693369879,37.781237059037146,11.762625580381794,40,179,6
washington,washington_v6,v6,2026-05-17T23:28:48.172411,NeuralProphet_Untuned,6,degraded,True,42,9,980,289.03985920980267,415.9541320786679,347.13145210552364,494.60761971907175,3.5428639517601725,5.895675191672654,110.39995034596016,45.21980990190776,40,4664,11
washington,washington_v6,v6,2026-05-18T00:02:04.847006,NeuralProphet_Untuned,24,degraded,True,42,9,245,289.1774917875828,485.6121227796038,368.5628218684192,589.5536821648386,3.5880633668156383,6.123491618085187,92.45645255047134,35.10874276254516,40,1166,6
washington,washington_v6,v6,2026-05-18T00:18:36.584708,NeuralProphet_Untuned,48,degraded,True,42,9,122,399.20291438051424,773.992339861523,495.5147855965552,889.7275310282778,4.979408438384045,9.785812212667873,100.818906443594,33.19409627514915,40,582,6
washington,washington_v6,v6,2026-05-18T00:23:26.487213,NeuralProphet_Untuned,168,degraded,True,42,9,35,349.82979259617684,536.971812886933,441.57045830140737,665.7854922316795,4.257703201922567,6.885992087781583,99.698839137593,30.96599920453928,40,179,6
washington,washington_v6,v6,2026-05-18T00:36:35.259960,TabPFN,6,degraded,True,42,9,980,47.76558910036574,41.17390013943695,61.31758126226411,53.41540913668892,0.5782495106447877,0.5018895501015374,27.97852757405391,20.68624183516262,40,4664,11
washington,washington_v6,v6,2026-05-18T00:40:06.733878,TabPFN,24,degraded,True,42,9,245,57.07428816167676,32.37879136860595,85.19134426481457,46.508549610737504,0.6932246766213049,0.4010199924035929,31.11778831458201,16.00573467293314,40,1166,6
washington,washington_v6,v6,2026-05-18T00:41:51.106932,TabPFN,48,degraded,True,42,9,122,61.14737460949545,28.785473672780544,94.06529058195716,40.74766308247122,0.7466326824070806,0.3726387165529196,32.54067045473462,14.24577506602938,40,582,6
washington,washington_v6,v6,2026-05-18T00:42:22.934441,TabPFN,168,degraded,True,42,9,35,61.82752475122205,20.77944082228569,98.07007907371596,28.28862494695068,0.7294771109627611,0.2710215774714065,33.09070194707247,9.908557970994178,40,179,6
london,london_v6,v6,2026-05-18T00:42:25.322941,Seasonal_Naive,6,clean_only,False,42,0,980,375.5030612244898,443.7018399431814,459.8087980515054,530.4621190731831,0.9969159033666268,1.2063687916375212,35.00419419130191,31.75800104791256,0,0,0
london,london_v6,v6,2026-05-18T00:42:26.250912,Seasonal_Naive,24,clean_only,False,42,0,245,375.5030612244898,300.73337721273964,550.2267828105372,436.5264277522035,1.003338234462743,0.829236851134895,35.00419419130191,25.371050098330144,0,0,0
london,london_v6,v6,2026-05-18T00:42:26.588738,Seasonal_Naive,48,clean_only,False,42,0,122,471.1748633879782,267.0028014448115,736.5451882754937,408.7609205790566,1.25555816152426,0.7374254560241886,42.71646271499908,22.158833619380328,0,0,0
london,london_v6,v6,2026-05-18T00:42:26.832952,Seasonal_Naive,168,clean_only,False,42,0,35,446.88027210884354,120.8578968593576,820.7049060687075,136.5900550900446,1.1913773296338874,0.2968533692147344,40.241131368786725,9.319521406989022,0,0,0
london,london_v6,v6,2026-05-18T00:42:46.851086,ARIMA,6,clean_only,False,42,0,980,1123.6062863202314,807.7138933698643,1308.663283055463,901.6002543247456,2.95189316983717,2.067929034851204,97.23245434590342,41.86986296663259,0,0,0
london,london_v6,v6,2026-05-18T00:42:52.039991,ARIMA,24,clean_only,False,42,0,245,983.3897164267864,306.53435467011514,1335.9291596047049,423.1257820992729,2.584744578360252,0.7294047740821373,97.68259541813208,17.27993397509048,0,0,0
london,london_v6,v6,2026-05-18T00:42:54.766978,ARIMA,48,clean_only,False,42,0,122,984.4774667178848,280.1504647813056,1345.1524324782738,383.4595256770612,2.581608848428178,0.6283725197756114,97.31039693674975,16.11352350156571,0,0,0
london,london_v6,v6,2026-05-18T00:42:55.680842,ARIMA,168,clean_only,False,42,0,35,999.5799715764952,235.93886394118744,1404.530077797279,301.3070803316208,2.639674449504948,0.4513768032124254,99.0372812433282,9.193293690486918,0,0,0
london,london_v6,v6,2026-05-18T02:51:44.199181,SARIMAX,6,clean_only,True,42,9,980,448.9365135012766,381.81985014177405,524.7185105005208,452.2987859028278,1.186424693504059,1.0130215491797232,52.94667251750777,41.98750880372622,0,0,0
london,london_v6,v6,2026-05-18T03:24:19.084144,SARIMAX,24,clean_only,True,42,9,245,464.5880704199032,277.56473491343417,630.6804543022181,385.8629048676008,1.23453586408889,0.7555572258214789,55.31482229056601,28.95919651209432,0,0,0
london,london_v6,v6,2026-05-18T03:40:39.360845,SARIMAX,48,clean_only,True,42,9,122,626.6047285498836,306.7663931935806,863.4643307519357,389.00519221760254,1.6548721557204844,0.7964238785501189,68.95868511770986,29.87359724562352,0,0,0
london,london_v6,v6,2026-05-18T03:45:14.568359,SARIMAX,168,clean_only,True,42,9,35,879.2773271365859,561.2741450909857,1129.338567529372,607.3611387699873,2.3062914166614283,1.3316211700328655,89.23944865273387,38.09816030571085,0,0,0
london,london_v6,v6,2026-05-18T04:35:55.777086,XGBoost,6,clean_only,True,42,13,980,204.60269645338968,233.99430260730776,253.5691262940972,281.5095242852443,0.5469171926670268,0.6687370546708291,20.58183764201756,19.44188323711872,0,0,0
london,london_v6,v6,2026-05-18T04:48:51.482007,XGBoost,24,clean_only,True,42,13,245,233.7778910065184,172.64635003850478,351.1097001010389,255.49492240942084,0.628618901002263,0.5173142694291647,22.367424881839444,16.230337788351182,0,0,0
london,london_v6,v6,2026-05-18T04:55:26.233757,XGBoost,48,clean_only,True,42,13,122,245.11785726835487,150.74268280063197,384.0414866187929,236.0883369731199,0.6578350548777097,0.4462629157313971,23.18306814896869,14.846757553432358,0,0,0
london,london_v6,v6,2026-05-18T04:57:29.673265,XGBoost,168,clean_only,True,42,13,35,249.53721811852483,105.70717267720975,421.0597575275731,177.4714872744129,0.6792071019479272,0.3461857797600313,23.91876189777732,11.158983006013818,0,0,0
london,london_v6,v6,2026-05-18T04:58:59.417177,Prophet_Untuned,6,clean_only,False,42,0,980,538.9276284774033,305.3134551806044,659.7461010508327,357.5630509173801,1.4292011241135354,0.822702500001181,64.59772104181613,43.42037897434537,0,0,0
london,london_v6,v6,2026-05-18T04:59:21.545028,Prophet_Untuned,24,clean_only,False,42,0,245,535.3420938065757,159.56517420353453,723.7424918636889,187.0232703459912,1.4209534028387134,0.4369476430053872,63.73225207849094,19.04713012230981,0,0,0
london,london_v6,v6,2026-05-18T04:59:32.966228,Prophet_Untuned,48,clean_only,False,42,0,122,558.9804484641874,157.1282386734694,755.5264644044073,181.6575999542671,1.4817373563227771,0.4153141187515602,65.27581691480137,18.03428866556572,0,0,0
london,london_v6,v6,2026-05-18T04:59:36.697042,Prophet_Untuned,168,clean_only,False,42,0,35,629.4682079011549,202.36886233107376,831.5532424710326,229.0553013192965,1.6728839157228603,0.4754880429188269,68.58764659218016,17.282101798049258,0,0,0
london,london_v6,v6,2026-05-18T07:06:16.355626,NeuralProphet_Untuned,6,clean_only,True,42,9,980,1224.7106084706022,553.1633031717183,1457.4543640539257,660.7290730488129,3.244978992298668,1.5712503716418116,104.04123834755138,39.11696512793901,0,0,0
london,london_v6,v6,2026-05-18T07:38:21.123875,NeuralProphet_Untuned,24,clean_only,True,42,9,245,693.840325375317,210.75378889194607,945.6785264308847,279.9479908156439,1.8451199122074309,0.5785841503050635,73.33661595470757,18.42009018992732,0,0,0
london,london_v6,v6,2026-05-18T07:54:14.687296,NeuralProphet_Untuned,48,clean_only,True,42,9,122,778.1074864175476,198.7231298363623,1067.0743706348744,252.1636121741808,2.0585382696920687,0.5084835537011007,78.50417742916447,15.793618425311124,0,0,0
london,london_v6,v6,2026-05-18T07:58:48.714974,NeuralProphet_Untuned,168,clean_only,True,42,9,35,655.096317453936,135.04667736082158,878.8051908091327,148.76251798440148,1.7729263139963134,0.4874507871058968,73.55363384067986,13.9708056300915,0,0,0
london,london_v6,v6,2026-05-18T09:58:13.999300,NeuralProphet_NoWeather_Untuned,6,clean_only,False,42,0,980,1255.2536990639303,519.7902825869347,1484.062455890523,625.16222674393,3.3109175829234414,1.331279186717542,107.11726444216018,38.55964004509506,0,0,0
london,london_v6,v6,2026-05-18T10:29:44.068350,NeuralProphet_NoWeather_Untuned,24,clean_only,False,42,0,245,633.9934551972109,184.19751481631428,887.7666424866462,256.6604052802797,1.6858618678594526,0.5001867836092584,66.7996974543271,15.023694921720926,0,0,0
london,london_v6,v6,2026-05-18T10:44:49.355790,NeuralProphet_NoWeather_Untuned,48,clean_only,False,42,0,122,732.1620260640734,170.38196534456495,1053.1810446144275,238.8725315488032,1.936824732767836,0.4311559540447162,71.42065827105255,13.512142233929898,0,0,0
london,london_v6,v6,2026-05-18T10:49:07.126103,NeuralProphet_NoWeather_Untuned,168,clean_only,False,42,0,35,574.3704746643701,93.72570339210264,808.1303220008903,111.4132689185544,1.5412309598734777,0.2510812520934521,64.87305096057217,7.757944310603991,0,0,0
london,london_v6,v6,2026-05-18T11:01:48.272270,TabPFN,6,clean_only,True,42,9,980,176.6058878713725,213.6063295606197,224.8893259165158,280.46888614099225,0.4701872697637173,0.5979716142450494,18.76923745437133,18.216045953975502,0,0,0
london,london_v6,v6,2026-05-18T11:04:57.959821,TabPFN,24,clean_only,True,42,9,245,227.10966901746733,192.4589097562672,345.3316890056343,293.9356249462606,0.6103508220175912,0.562974778827026,21.84805226332613,16.811875834957952,0,0,0
london,london_v6,v6,2026-05-18T11:06:25.826251,TabPFN,48,clean_only,True,42,9,122,237.55273802879728,152.99039453509795,381.96269136869984,247.90546512942112,0.6365625620702625,0.4544508682140147,22.843111765269697,14.112545995299024,0,0,0
london,london_v6,v6,2026-05-18T11:06:52.792337,TabPFN,168,clean_only,True,42,9,35,217.8942434466616,81.70954381879885,376.3448399186222,137.27801616056024,0.593170094216869,0.286675666221679,22.11246416571733,8.386005572475487,0,0,0
london,london_v6,v6,2026-05-18T11:20:29.439840,TabPFN_NoWeather,6,clean_only,False,42,0,980,193.43335436250075,229.8061613375556,239.9680136412282,285.5835816613519,0.5139206319583761,0.6393962415130513,20.4560002519004,20.05375556565868,0,0,0
london,london_v6,v6,2026-05-18T11:23:20.765181,TabPFN_NoWeather,24,clean_only,False,42,0,245,266.2092442411955,217.19153637121,388.3130803867108,316.88040267148386,0.708294753295035,0.6243806961393501,24.69163055620204,18.578122836143063,0,0,0
london,london_v6,v6,2026-05-18T11:24:51.733826,TabPFN_NoWeather,48,clean_only,False,42,0,122,284.5100824161957,191.2374207418042,443.6395978906323,293.2352257226589,0.7597753872596954,0.5710854708850952,25.731397014174384,15.747757213703109,0,0,0
london,london_v6,v6,2026-05-18T11:25:19.783949,TabPFN_NoWeather,168,clean_only,False,42,0,35,292.41175901743827,136.37102950920513,487.1209744330428,208.49543130836915,0.7794758465652757,0.3636058356656162,26.98636202435976,10.49528649430043,0,0,0
london,london_v6,v6,2026-05-18T13:49:22.777782,SARIMAX,6,degraded,True,42,9,980,477.7580097181876,374.9150971087648,563.4721506128333,443.98755485367695,1.2623539040049525,0.9923654117026128,58.582991607666514,42.91220328612327,0,0,0
london,london_v6,v6,2026-05-18T14:22:06.636984,SARIMAX,24,degraded,True,42,9,245,498.1040666229612,274.170887258559,668.9964588015755,381.5867782740984,1.322964707480837,0.7411928425307807,60.93305820120752,27.38910135315115,0,0,0
london,london_v6,v6,2026-05-18T14:38:28.034830,SARIMAX,48,degraded,True,42,9,122,657.9411889245422,304.0348640795908,897.2968377743446,388.2844156223962,1.7370633076589053,0.7835137429988698,72.52813787981202,28.559529009169943,0,0,0
london,london_v6,v6,2026-05-18T14:43:02.419572,SARIMAX,168,degraded,True,42,9,35,914.4799137055614,552.9137655615898,1180.660584470161,616.7937155382207,2.4007680195440653,1.3109752620741466,92.45972551265488,35.304788610554944,0,0,0
london,london_v6,v6,2026-05-18T15:36:54.590424,XGBoost,6,degraded,True,42,13,980,213.3238480829057,235.1462048726412,265.4214107368097,283.73460291819254,0.5694620827352076,0.6699731164693125,21.699945686919943,19.626419811154463,0,0,0
london,london_v6,v6,2026-05-18T15:50:43.076516,XGBoost,24,degraded,True,42,13,245,243.0604672075129,169.54522933597113,364.0575721150181,250.05425382984305,0.6530588695054731,0.5088081883897148,23.380579032291603,15.857208319491352,0,0,0
london,london_v6,v6,2026-05-18T15:57:47.035435,XGBoost,48,degraded,True,42,13,122,254.01763901421856,147.66804304267438,396.97144686455965,231.4258182252593,0.6810197995864149,0.4374694545151077,24.29574527396325,14.443148792242535,0,0,0
london,london_v6,v6,2026-05-18T15:59:57.439219,XGBoost,168,degraded,True,42,13,35,263.904817184826,99.4877885051943,442.4884381080651,168.0973656721536,0.7172348654112214,0.3283456813373165,25.571927976926705,10.524407425351823,0,0,0
london,london_v6,v6,2026-05-18T18:11:36.172015,NeuralProphet_Untuned,6,degraded,True,42,9,980,1232.481335213314,511.1767814974704,1469.5684650774242,612.9786414998143,3.259461503599637,1.3269380709456438,105.32607989283672,38.855122388340014,0,0,0
london,london_v6,v6,2026-05-18T18:44:01.290124,NeuralProphet_Untuned,24,degraded,True,42,9,245,803.1414279705003,230.50607947744064,1064.327365649964,287.8540137404665,2.1423794649461616,0.6307587174909545,84.57766660095635,19.35442216855178,0,0,0
london,london_v6,v6,2026-05-18T18:59:56.220691,NeuralProphet_Untuned,48,degraded,True,42,9,122,941.6467601423216,206.14234943603336,1252.9713194499686,260.2519463264056,2.494136232018996,0.5001575013616933,91.03346342666453,14.823795206990608,0,0,0
london,london_v6,v6,2026-05-18T19:04:30.308968,NeuralProphet_Untuned,168,degraded,True,42,9,35,958.0330546979188,184.22639251134493,1228.5162015701717,231.67308837320857,2.58174341241854,0.5368803472581645,95.3912025807964,11.00941141804558,0,0,0
london,london_v6,v6,2026-05-18T19:17:20.723700,TabPFN,6,degraded,True,42,9,980,209.24776100787983,221.2047123130853,273.4516484757275,301.9084888707066,0.5594704470136594,0.6261862880531822,22.06799567782025,18.27541826098749,0,0,0
london,london_v6,v6,2026-05-18T19:20:39.475189,TabPFN,24,degraded,True,42,9,245,259.3401157771649,184.986354332658,402.66243174748536,284.7455182771075,0.6956758390019584,0.5402131154861015,25.177937292356937,16.327447985208362,0,0,0
london,london_v6,v6,2026-05-18T19:22:25.693063,TabPFN,48,degraded,True,42,9,122,273.10141583609453,146.0758256017791,446.097488787925,239.0674210678474,0.7322580708663329,0.4400930226783253,26.192243400340665,13.44523408797367,0,0,0
london,london_v6,v6,2026-05-18T19:22:56.704462,TabPFN,168,degraded,True,42,9,35,261.4028313357814,76.15121580984419,447.2212791817005,129.10067494487456,0.7075130877924659,0.2482064614558992,25.91300122597221,7.748245262430903,0,0,0
seoul,seoul_v6,v6,2026-05-18T21:10:12.672159,TabPFN_v3,6,clean_only,True,42,9,980,170.73717410000816,154.55762517593033,210.4572958829465,194.6407944883668,0.5987296689292808,0.5749613561707169,25.99033655851605,28.173196019726937,295,33780,50
seoul,seoul_v6,v6,2026-05-18T21:13:54.150261,TabPFN_v3,24,clean_only,True,42,9,245,194.7471729217338,117.96456366735691,276.1201282060445,162.21884976440234,0.6889327823943864,0.4705592729636706,28.662195406516982,25.61352883344773,295,8418,13
seoul,seoul_v6,v6,2026-05-18T21:15:44.555848,TabPFN_v3,48,clean_only,True,42,9,122,213.7931534175665,113.37056692844634,313.3117580700267,150.1148384737183,0.7618876998525963,0.4654849723633514,30.81361620729737,24.56798673008978,295,4161,13
seoul,seoul_v6,v6,2026-05-18T21:16:16.956908,TabPFN_v3,168,clean_only,True,42,9,35,218.01184879038613,108.01585982514474,331.9379974138404,119.98941561628492,0.8023621093912247,0.5652232783493191,32.51139492228193,23.80917917929451,295,1180,7
seoul,seoul_v6,v6,2026-05-18T21:30:28.487891,TabPFN_NoWeather_v3,6,clean_only,False,42,0,980,228.0050927039717,235.02326976038387,269.4475406903839,266.2369213739308,0.7966769523100177,0.8438555766190027,32.73235538267986,37.9949874818184,295,33780,50
seoul,seoul_v6,v6,2026-05-18T21:34:05.150707,TabPFN_NoWeather_v3,24,clean_only,False,42,0,245,288.23897014775247,239.4280510505827,388.21895390125326,305.1771622092308,0.9995155112816192,0.8353104411953323,37.93976016998325,37.72325944404757,295,8418,13
seoul,seoul_v6,v6,2026-05-18T21:35:53.360405,TabPFN_NoWeather_v3,48,clean_only,False,42,0,122,322.74161425371307,228.49747526939265,445.8957587229992,286.1596074224941,1.130542940009805,0.8131614417980807,41.42975962075548,36.7508459113408,295,4161,13
seoul,seoul_v6,v6,2026-05-18T21:36:25.538271,TabPFN_NoWeather_v3,168,clean_only,False,42,0,35,333.87259656693664,175.54462388739205,492.7577097214872,211.8648236590084,1.2013461379219392,0.7262620906481962,44.18733454942819,30.7307806349404,295,1180,7
seoul,seoul_v6,v6,2026-05-18T21:50:52.461162,TabPFN_v3,6,degraded,True,42,9,980,321.6995905336879,283.6652699471513,397.7886764034654,331.9532747269729,1.067389472036856,0.856500465431141,46.11781224792915,33.19293852216452,295,33780,50
seoul,seoul_v6,v6,2026-05-18T21:54:20.433976,TabPFN_v3,24,degraded,True,42,9,245,342.96219816418727,179.84477079008155,481.86188693565816,243.2924207985305,1.1460594334006051,0.5294328016242709,48.70379448944679,28.4720810940059,295,8418,13
seoul,seoul_v6,v6,2026-05-18T21:56:09.635911,TabPFN_v3,48,degraded,True,42,9,122,357.8878163475482,173.66014999672234,506.0801733348161,232.10776828485947,1.199195254161676,0.4871344101475474,50.44008339186506,27.294765617828748,295,4161,13
seoul,seoul_v6,v6,2026-05-18T21:56:40.545257,TabPFN_v3,168,degraded,True,42,9,35,384.4972946352092,162.7505606670812,542.6622979003646,209.81365126399552,1.3272591291793745,0.5782442750202222,55.35058257253099,27.46133496666829,295,1180,7
washington,washington_v6,v6,2026-05-18T22:11:15.041888,TabPFN_v3,6,clean_only,True,42,9,980,50.112619285437525,47.65230871018744,62.49641440778673,59.47123507925902,0.6084384071331886,0.5843473853115388,29.671221482852683,23.98037047306428,40,4664,11
washington,washington_v6,v6,2026-05-18T22:14:53.374414,TabPFN_v3,24,clean_only,True,42,9,245,58.25618022935731,38.31807811334221,83.53932876409141,53.113970294833,0.7097372662539156,0.475247272147339,32.48704023541789,17.883165115940805,40,1166,6
washington,washington_v6,v6,2026-05-18T22:16:42.698270,TabPFN_v3,48,clean_only,True,42,9,122,62.63918679264562,32.300855539248566,94.90540716944494,45.88589174990943,0.7662911783211761,0.4156723937598314,34.382941368590046,15.209229895242,40,582,6
washington,washington_v6,v6,2026-05-18T22:17:14.348071,TabPFN_v3,168,clean_only,True,42,9,35,60.03520291496296,21.451569342130146,95.85618902850813,29.55320631645689,0.7121067168671115,0.2838573292665148,33.49653751152412,11.167115265948748,40,179,6
washington,washington_v6,v6,2026-05-18T22:31:21.175597,TabPFN_NoWeather_v3,6,clean_only,False,42,0,980,60.77121060892027,55.33262237987913,74.69687956214504,66.1060735048534,0.7378104796080956,0.6704199893766106,33.19460186102189,25.45725641344038,40,4664,11
washington,washington_v6,v6,2026-05-18T22:34:57.956739,TabPFN_NoWeather_v3,24,clean_only,False,42,0,245,65.20222389422307,40.050569034204266,92.87253894995608,55.320279720582434,0.794909383481688,0.4902286284240402,34.59036840918647,19.52735824314701,40,1166,6
washington,washington_v6,v6,2026-05-18T22:36:46.259010,TabPFN_NoWeather_v3,48,clean_only,False,42,0,122,69.3436906803094,35.73660118481827,103.23879061735614,48.96890354155509,0.8489895518621964,0.449315248131207,36.63891610214765,18.545166666945832,40,582,6
washington,washington_v6,v6,2026-05-18T22:37:18.094293,TabPFN_NoWeather_v3,168,clean_only,False,42,0,35,66.34103865655912,20.390358712800804,104.3831183985318,29.19421788196316,0.7886562326486687,0.2752582941867557,35.55835133685611,13.62607212892864,40,179,6
washington,washington_v6,v6,2026-05-18T22:51:53.895793,TabPFN_v3,6,degraded,True,42,9,980,63.18310205060609,50.73056087305927,80.77030664208928,64.39163387904274,0.7669445151520022,0.6167888330063686,35.33395012021905,22.940384424275813,40,4664,11
washington,washington_v6,v6,2026-05-18T22:55:37.096574,TabPFN_v3,24,degraded,True,42,9,245,70.46912841857696,33.09734059229896,103.80113799901018,45.80384339792422,0.8574116472329087,0.4117410640478706,38.1584584636221,16.812152909580934,40,1166,6
washington,washington_v6,v6,2026-05-18T22:57:29.212385,TabPFN_v3,48,degraded,True,42,9,122,73.75604048578954,29.96257012688633,111.80476164684264,41.24243477167532,0.8981034626879822,0.3807594794068541,39.28390741675528,14.159845230497483,40,582,6
washington,washington_v6,v6,2026-05-18T22:58:01.494179,TabPFN_v3,168,degraded,True,42,9,35,75.44886800188597,18.892295733168407,117.09595266163122,25.64961942533176,0.8924968255758692,0.2570420489910216,40.39611543089605,10.868730423345314,40,179,6
london,london_v6,v6,2026-05-18T23:12:24.772251,TabPFN_v3,6,clean_only,True,42,9,980,255.98342761733903,306.13493272940354,327.19048346667137,393.8184651505902,0.6819094272696774,0.8545170660111993,26.10615415483057,24.75093055582745,0,0,0
london,london_v6,v6,2026-05-18T23:16:02.241682,TabPFN_v3,24,clean_only,True,42,9,245,295.40672011764684,233.65874637254868,452.0556147729495,358.7828733764207,0.7884217301684247,0.6495337736474555,28.37511905462217,20.58081169371317,0,0,0
london,london_v6,v6,2026-05-18T23:17:50.708405,TabPFN_v3,48,clean_only,True,42,9,122,301.43780435695027,186.2031095692894,494.9385903332936,301.82013408143496,0.8054825130742378,0.5194969195159044,28.619517445769684,15.887124216785796,0,0,0
london,london_v6,v6,2026-05-18T23:18:21.875851,TabPFN_v3,168,clean_only,True,42,9,35,292.5725448653812,77.5494082069824,553.4455158372953,124.5765151638966,0.792906903831202,0.279050770153313,28.10813265770109,6.977300432827419,0,0,0
london,london_v6,v6,2026-05-18T23:32:40.470387,TabPFN_NoWeather_v3,6,clean_only,False,42,0,980,306.58531373601386,334.40048315738136,388.62372612512416,418.3589233667763,0.8160447999661465,0.9214198043256058,29.23376511651872,25.526364526573985,0,0,0
london,london_v6,v6,2026-05-18T23:36:16.797267,TabPFN_NoWeather_v3,24,clean_only,False,42,0,245,328.403297731179,229.1775125370487,493.1002099926966,346.7739603385345,0.8782694730236831,0.6464818503112484,30.45768311028285,21.01296999047656,0,0,0
london,london_v6,v6,2026-05-18T23:37:57.359134,TabPFN_NoWeather_v3,48,clean_only,False,42,0,122,333.8824574742161,189.89997835968933,530.058825106954,302.4762671082963,0.8912563533623371,0.538879498698926,30.618021199556388,16.671145037750684,0,0,0
london,london_v6,v6,2026-05-18T23:38:24.874604,TabPFN_NoWeather_v3,168,clean_only,False,42,0,35,340.9339862810511,101.97656003211264,603.4513959543681,138.4123095734056,0.918927027644837,0.3180531826987019,31.43586669318896,7.304122514675003,0,0,0
london,london_v6,v6,2026-05-18T23:52:48.941941,TabPFN_v3,6,degraded,True,42,9,980,299.2471373441268,301.5913203346684,391.2124443350159,394.5885160208984,0.8000312944166262,0.8425000268041203,30.487448592374367,24.012846450237816,0,0,0
london,london_v6,v6,2026-05-18T23:56:26.884861,TabPFN_v3,24,degraded,True,42,9,245,341.214665594555,212.18081336996016,532.8257381562573,320.4669209678119,0.9092183134331971,0.587978720903548,32.846560188166585,19.240518379974684,0,0,0
london,london_v6,v6,2026-05-18T23:58:15.022639,TabPFN_v3,48,degraded,True,42,9,122,354.00647494832026,169.68429474754515,585.6308389051013,265.24115084997766,0.9451862656024752,0.470824722217182,33.506071980839366,14.596017823172875,0,0,0
london,london_v6,v6,2026-05-18T23:58:46.616380,TabPFN_v3,168,degraded,True,42,9,35,357.47891454072226,75.55218770441903,626.5237624470132,119.6164603918844,0.9633356017375092,0.2428900753310565,34.18534681849659,6.812823681503957,0,0,0
seoul,seoul_v6,v6,2026-05-20T00:21:22.421967,Prophet,6,clean_only,False,42,0,980,340.1046717059449,261.9213667516059,389.0708924670608,271.81797943576765,1.176965778951658,0.9130652620936291,48.8948402780748,43.163758260542096,295,33780,50
seoul,seoul_v6,v6,2026-05-20T00:21:43.947477,Prophet,24,clean_only,False,42,0,245,349.92669277808625,190.1124821593471,441.0773700912566,219.56452210245408,1.2197367711018658,0.7013865945616014,49.24912989247146,31.83483148689676,295,8418,13
seoul,seoul_v6,v6,2026-05-20T00:21:54.240301,Prophet,48,clean_only,False,42,0,122,369.3502247821376,180.147996082934,469.8572433224409,214.747172738109,1.294389071644946,0.6829565964086315,51.30816135013856,29.20540743793224,295,4161,13
seoul,seoul_v6,v6,2026-05-20T00:21:57.823388,Prophet,168,clean_only,False,42,0,35,401.5305792788551,131.29329275152816,519.659238660905,164.51855321159468,1.4128068588326967,0.4897519551620157,55.098912351520326,21.09605324641897,295,1180,7
seoul,seoul_v6,v6,2026-05-20T02:23:02.999002,NeuralProphet,6,clean_only,True,42,9,980,665.4663525549732,326.94217957115154,749.6050111143812,345.7516577683704,2.335055819277901,1.247368580600385,79.39209926744219,37.4864295556358,295,33780,50
seoul,seoul_v6,v6,2026-05-20T02:52:54.380684,NeuralProphet,24,clean_only,True,42,9,245,375.42682807011664,180.2200689962025,485.3268856793832,227.5572917987012,1.3219421707537362,0.6627049384109297,52.82969184113822,31.604794949173755,295,8418,13
seoul,seoul_v6,v6,2026-05-20T03:07:52.031036,NeuralProphet,48,clean_only,True,42,9,122,417.1011816932123,166.63971195016327,553.0962577880384,228.2126361138451,1.478925613383954,0.7237270917229238,55.974220400109616,27.674893973581025,295,4161,13
seoul,seoul_v6,v6,2026-05-20T03:12:10.446794,NeuralProphet,168,clean_only,True,42,9,35,400.94130427437983,122.0626470566838,542.3242345387279,186.42752336089657,1.4353877876040526,0.6017949174971905,54.63216585367629,16.08085293274654,295,1180,7
seoul,seoul_v6,v6,2026-05-20T05:02:45.304119,NeuralProphet_NoWeather,6,clean_only,False,42,0,980,692.10502672311,318.03275673430244,773.7026934225219,333.8580786485825,2.420205903358102,1.2195300193014424,82.52225410547437,36.76136812658733,295,33780,50
seoul,seoul_v6,v6,2026-05-20T05:30:37.170181,NeuralProphet_NoWeather,24,clean_only,False,42,0,245,386.6715795642664,205.3595477992697,497.7662454311844,258.2686127326043,1.3528897811161322,0.7375893916389709,53.76992760025382,32.94560812691425,295,8418,13
seoul,seoul_v6,v6,2026-05-20T05:44:30.534232,NeuralProphet_NoWeather,48,clean_only,False,42,0,122,445.6985465214064,184.568929499896,583.9906962153825,230.026729984264,1.55986350384938,0.6701895543578765,59.17135340023904,30.633586038595592,295,4161,13
seoul,seoul_v6,v6,2026-05-20T05:48:28.649862,NeuralProphet_NoWeather,168,clean_only,False,42,0,35,406.99582491851584,128.27769049410185,563.2416200605458,180.474584200227,1.4387373013646196,0.4931807078436134,54.989814480510304,19.00798269685224,295,1180,7
seoul,seoul_v6,v6,2026-05-20T07:50:44.394845,NeuralProphet,6,degraded,True,42,9,980,666.9145809716108,338.7713564031803,753.852413089173,357.47887835150715,2.338392164004848,1.2736769491242277,79.64742023569936,37.50947874078226,295,33780,50
seoul,seoul_v6,v6,2026-05-20T08:21:51.550970,NeuralProphet,24,degraded,True,42,9,245,395.40642403108734,173.42004934513213,508.8272829779477,225.5626722707401,1.3911554598393705,0.6325180702173937,55.56709334178261,30.3120997728837,295,8418,13
seoul,seoul_v6,v6,2026-05-20T08:37:19.244815,NeuralProphet,48,degraded,True,42,9,122,462.3695808071541,155.3844757959261,600.8953707519913,196.6123324982631,1.637389203288862,0.663634721027513,63.54751406713407,27.139367359631105,295,4161,13
seoul,seoul_v6,v6,2026-05-20T08:41:42.704513,NeuralProphet,168,degraded,True,42,9,35,467.00461259932337,111.11009930863275,615.003082904825,157.1181419257803,1.6616569624901445,0.5364028012649917,64.55381500254703,16.821440593691825,295,1180,7
washington,washington_v6,v6,2026-05-20T08:44:08.620050,Prophet,6,clean_only,False,42,0,980,95.02476800914988,49.49709220137729,115.54171277978992,57.00630814940984,1.1543885876559026,0.5953413114481863,58.652426607394766,43.433584481937984,40,4664,11
washington,washington_v6,v6,2026-05-20T08:44:29.409627,Prophet,24,clean_only,False,42,0,245,99.17648970810832,24.73854287452236,129.84364129388712,29.631815985222676,1.203921857764863,0.2967630266110548,59.41174619415854,18.30744747978217,40,1166,6
washington,washington_v6,v6,2026-05-20T08:44:39.410947,Prophet,48,clean_only,False,42,0,122,100.9696284345246,19.592861237389165,133.545310147799,23.514800402745557,1.2251306998149276,0.2342092095424456,59.76999391238377,16.37044385670899,40,582,6
washington,washington_v6,v6,2026-05-20T08:44:47.852927,Prophet,168,clean_only,False,42,0,35,103.06783813761406,14.0225226697287,137.50167299983073,17.510766248403776,1.211563597543193,0.1640911127641133,63.43796428448143,14.976967846870147,40,179,6
washington,washington_v6,v6,2026-05-20T10:49:28.129488,NeuralProphet,6,clean_only,True,42,9,980,236.35650063785565,86.898172694799,277.9015814839304,100.99283382580478,2.8475326136111545,1.0200098021195405,106.20571678620054,44.46108594107282,40,4664,11
washington,washington_v6,v6,2026-05-20T11:21:23.471152,NeuralProphet,24,clean_only,True,42,9,245,123.05592127112912,37.4507041186497,161.58422611449512,47.90827154487235,1.4891986023633008,0.439340947145018,72.2883474399637,15.582137317221246,40,1166,6
washington,washington_v6,v6,2026-05-20T11:37:24.553836,NeuralProphet,48,clean_only,True,42,9,122,148.20628821513935,37.413179869389374,194.6331006418889,48.03962639471436,1.7898884417660788,0.4115861855419478,79.28428245597887,14.846555880809747,40,582,6
washington,washington_v6,v6,2026-05-20T11:41:58.545300,NeuralProphet,168,clean_only,True,42,9,35,121.9454018825982,19.85893753667243,161.71390750200675,26.02584744492497,1.4359622016499625,0.2453841684647936,72.732497968722,14.47115841716801,40,179,6
washington,washington_v6,v6,2026-05-20T13:36:14.098558,NeuralProphet_NoWeather,6,clean_only,False,42,0,980,243.09701001668464,85.17522553827737,283.37752643620087,99.23601607131548,2.9264227492743444,0.9904539971853252,108.16502420517767,42.65692692473154,40,4664,11
washington,washington_v6,v6,2026-05-20T14:05:38.032588,NeuralProphet_NoWeather,24,clean_only,False,42,0,245,118.09216039531488,39.24325361419309,156.056648611621,50.69714933344064,1.4284335069876568,0.4631373774945011,68.01393720819387,14.713886479378374,40,1166,6
washington,washington_v6,v6,2026-05-20T14:20:17.691989,NeuralProphet_NoWeather,48,clean_only,False,42,0,122,139.6920431398995,34.8971122353108,187.51397907387252,43.77034766832173,1.6852838828399264,0.3949741253362053,73.00384615418581,10.421669450189013,40,582,6
washington,washington_v6,v6,2026-05-20T14:24:29.395645,NeuralProphet_NoWeather,168,clean_only,False,42,0,35,106.01237803102552,11.63892790206563,144.9602567532535,17.082493932254238,1.2499635172044472,0.1668468853661098,64.21522117946844,10.970222408853198,40,179,6
washington,washington_v6,v6,2026-05-20T16:28:32.746257,NeuralProphet,6,degraded,True,42,9,980,285.305720142047,210.2814161997095,341.4691116763729,265.4592874302474,3.478820631341076,2.741284656705051,111.2487513528382,44.84986404327362,40,4664,11
washington,washington_v6,v6,2026-05-20T17:00:39.830791,NeuralProphet,24,degraded,True,42,9,245,280.95086100738075,470.5716388014228,362.0304637784061,588.9360139233667,3.506326684055983,6.106442405094501,88.7268906141792,34.865768360741285,40,1166,6
washington,washington_v6,v6,2026-05-20T17:16:39.379729,NeuralProphet,48,degraded,True,42,9,122,467.96767322742505,879.9723310132136,592.6473811582651,1110.1582763716378,5.802288532683101,10.90102271748244,99.7089820971496,34.76556180566189,40,582,6
washington,washington_v6,v6,2026-05-20T17:21:12.806021,NeuralProphet,168,degraded,True,42,9,35,582.1436941819939,1258.230088160058,705.3782354779382,1462.4256865589634,7.104223949822763,15.404241427357132,101.10979191266448,35.57020503987064,40,179,6
london,london_v6,v6,2026-05-20T17:22:35.617807,Prophet,6,clean_only,False,42,0,980,512.178517323459,280.89107961293666,632.7526396966696,338.9139514965808,1.3637109419828408,0.7627940516473369,61.6107925004773,42.81003588854727,0,0,0
london,london_v6,v6,2026-05-20T17:22:56.121824,Prophet,24,clean_only,False,42,0,245,523.274688944024,138.11376248091509,713.9653152482373,165.5028084407178,1.3949444286992674,0.40191510021808063,60.61032835711653,17.280058946751975,0,0,0
london,london_v6,v6,2026-05-20T17:23:06.057995,Prophet,48,clean_only,False,42,0,122,534.4499119561299,120.51241224793633,732.5198136429341,147.31868588160566,1.4249525345634162,0.3559420030546303,60.91880022988258,16.247857533082662,0,0,0
london,london_v6,v6,2026-05-20T17:23:10.020092,Prophet,168,clean_only,False,42,0,35,542.9256355251786,76.99308976806113,742.5380413539604,104.84295669240267,1.4608498343053087,0.23807714644885516,63.30971223422894,10.96870035372744,0,0,0
london,london_v6,v6,2026-05-20T19:27:36.891667,NeuralProphet,6,clean_only,True,42,9,980,1204.2836226145425,500.49785630906536,1439.2483934510565,613.7870671166839,3.1843978984006354,1.3014758161116273,102.52464137878671,37.269589409915895,0,0,0
london,london_v6,v6,2026-05-20T19:58:30.685834,NeuralProphet,24,clean_only,True,42,9,245,644.1128537664608,198.0845858802343,899.1813545430875,265.2355666530291,1.715869636654692,0.5514570361926069,67.95780051565582,17.203652285459576,0,0,0
london,london_v6,v6,2026-05-20T20:13:39.172836,NeuralProphet,48,clean_only,True,42,9,122,741.8271910939875,166.51830591207468,1053.933592679149,227.7595230219082,1.9635698483465491,0.4259766159700955,72.51836884099806,13.721449119647913,0,0,0
london,london_v6,v6,2026-05-20T20:18:01.272147,NeuralProphet,168,clean_only,True,42,9,35,581.323764299211,66.87121329591697,807.0290390953602,81.47790344627865,1.5655669164742845,0.23300896877660682,65.44854347269903,9.945923103302928,0,0,0
london,london_v6,v6,2026-05-20T22:10:03.748027,NeuralProphet_NoWeather,6,clean_only,False,42,0,980,1247.175874436875,520.6399059181111,1476.0102135142693,628.7162394583495,3.2905257382307602,1.3381849977486646,105.91480143897563,37.953771124633704,0,0,0
london,london_v6,v6,2026-05-20T22:38:20.798379,NeuralProphet_NoWeather,24,clean_only,False,42,0,245,630.4540240318597,189.10035204214324,887.5413567505354,259.68248818285036,1.6744411732001752,0.5128183821302826,65.90667415381894,15.00748802018801,0,0,0
london,london_v6,v6,2026-05-20T22:52:22.930124,NeuralProphet_NoWeather,48,clean_only,False,42,0,122,722.5101670577227,168.05010814155187,1046.9892062713427,240.66339952672945,1.9083140495945383,0.40900972864423035,69.70308402876734,11.63405255180147,0,0,0
london,london_v6,v6,2026-05-20T22:56:25.669221,NeuralProphet_NoWeather,168,clean_only,False,42,0,35,566.0687810388551,79.56850504203153,802.7311127470347,97.59392540251861,1.5198547880327191,0.22261354902327982,63.17366206035375,7.925390730717178,0,0,0
london,london_v6,v6,2026-05-21T00:57:39.633849,NeuralProphet,6,degraded,True,42,9,980,1216.6235599829226,497.32275723670176,1455.0991098302454,607.6523717898675,3.2175235558923325,1.292425388426775,103.70585055238384,37.11817106235814,0,0,0
london,london_v6,v6,2026-05-21T01:28:16.813515,NeuralProphet,24,degraded,True,42,9,245,735.7562424460236,182.98019474917268,992.1574807965795,251.44201221352043,1.9601389900292416,0.5074865368247488,78.95372020522284,16.81408567135833,0,0,0
london,london_v6,v6,2026-05-21T01:43:42.891512,NeuralProphet,48,degraded,True,42,9,122,890.2418646159393,156.4964454344467,1200.2135949828619,211.88538018960577,2.3613112214613787,0.38680136316521035,88.80836546895937,13.589013748044868,0,0,0
london,london_v6,v6,2026-05-21T01:48:06.496475,NeuralProphet,168,degraded,True,42,9,35,868.9686091737682,103.35478441193105,1115.8389959139756,129.4162377961008,2.339005341917538,0.3335290386235733,91.70257780955149,9.910761605724392,0,0,0
